editorial_net_vs_production,editorial_selections,identity_net_vs_production,identity_selections,image,production_selections
0,60,0,60,t01.jpg,60
0,60,1,61,t02.jpg,60
0,60,0,60,t03.jpg,60
0,60,0,60,t04.jpg,60
0,40,0,40,t05.jpg,40
0,43,2,45,t06.jpg,43
0,40,1,41,t07.jpg,40
0,41,2,43,t08.jpg,41
0,61,0,61,t09.jpg,61
0,60,0,60,t10.jpg,60
0,45,9,54,t11.jpg,45
0,60,0,60,t12.jpg,60
0,60,0,60,t13.jpg,60
0,60,0,60,t14.jpg,60
1,42,2,43,t15.jpg,41
0,60,1,61,t16.jpg,60
0,60,0,60,t17.jpg,60
0,60,0,60,t18.jpg,60
0,42,3,45,t19.jpg,42
0,42,2,44,t20.jpg,42
0,60,0,60,t21.jpg,60
0,60,0,60,t22.jpg,60
0,46,6,52,t24.jpg,46
3,53,4,54,t25.jpg,50
0,60,0,60,t26.jpg,60
0,60,0,60,t27.jpg,60
0,40,0,40,t28.jpg,40
0,40,1,41,t29.jpg,40
0,40,0,40,t30.jpg,40
0,60,0,60,t31.jpg,60
0,60,0,60,t32.jpg,60
0,40,0,40,t33.jpg,40
0,40,0,40,t34.jpg,40
0,60,1,61,t35.jpg,60
2,49,11,58,t36.jpg,47
0,60,0,60,t37.jpg,60
0,40,0,40,t38.jpg,40
0,40,1,41,t39.jpg,40
0,49,5,54,t40.jpg,49
0,60,0,60,t41.jpg,60
0,60,0,60,t42.jpg,60
0,40,1,41,t43.jpg,40
0,40,4,44,t44.jpg,40
0,40,0,40,t45.jpg,40
0,60,0,60,t46.jpg,60
0,60,0,60,t47.jpg,60
0,49,6,55,t48.jpg,49
0,40,0,40,t49.jpg,40
0,60,0,60,t50.jpg,60
0,62,-1,61,t51.jpg,62
0,60,0,60,t52.jpg,60
0,60,4,64,t54.jpg,60
0,60,0,60,t55.jpg,60
0,60,0,60,t56.jpg,60
0,60,0,60,t57.jpg,60
0,40,2,42,t58.jpg,40
0,43,8,51,t59.jpg,43
0,60,0,60,t60.jpg,60
0,60,1,61,t61.jpg,60
0,60,0,60,t62.jpg,60
0,60,0,60,t63.jpg,60
-1,41,-1,41,t64.jpg,42
0,60,0,60,t65.jpg,60
0,60,0,60,t66.jpg,60
0,60,0,60,t67.jpg,60
0,60,0,60,t68.jpg,60
0,40,1,41,t69.jpg,40
0,40,1,41,t70.jpg,40
0,20,0,20,tg_0056972ab9debcb840c36ac23ad0387e715cb22fc4ed49dbcf35159f83592aa5.png,20
0,20,0,20,tg_063b2c3fd5a61ea4fd955bed8d11b523ee5634086c647e378aaf33e3784abcf7.png,20
0,20,0,20,tg_093fe18b5e8a685a1ec1a38813fa2dfddce5ca84853723c13d1dfc2a6ac4a429.png,20
0,20,1,21,tg_0f3c7da5b7971b89c68fb0a5a07b1b23c563c32a94ee6b3ae5a77fce11d95bcc.png,20
0,20,0,20,tg_115f2b69f05bd8ad48114ece66c3c31d0149f85335b9a9c884a4d790d3268fa0.png,20
0,20,0,20,tg_15bd818b86c205c6364eac5614bdda8a9daa968bc6336d9605cf05dacc6a7712.png,20
0,20,0,20,tg_184d3bea3fe23bc3fb8460164de9e8535a8f6a7e43b472c1528d8729c659ac13.png,20
0,20,0,20,tg_1a1d47475ade7da4e7e32a3dfef2e1aadb479df288d6a502a7d5f93f96e11500.png,20
0,0,1,1,tg_1a73e33d64ecdbdcce0ced1691e91457efd50720116168b28a2371d6b8a8eec6.png,0
0,20,-20,0,tg_204869c6d40d2610b92dbcbff883303e72a7d1ae972b74d8c25d94b0ec61994d.png,20
0,19,1,20,tg_2051b1ac566abdb8335f8967f32f8f23bd71b4fb2cb0231659869045868b14c9.png,19
0,20,0,20,tg_2a4c080a88934c20c64f8c8a793f2aa39fbc653108387d1af27dca8f885a9f14.png,20
0,20,0,20,tg_2b351e489fc2b20f68c7f7867b3b17fb1636bb3ed2e7b6593e3345e10b09d5a2.png,20
0,20,3,23,tg_33eef87a7e4bd7c159bdb35f0378709b1c0324477b62d344e3b3ceec9e7f19a3.png,20
-2,0,1,3,tg_3e1a0b3d5d9dede45d7780b3032297c02d710093bb26876608d34d5ccc160586.png,2
0,0,1,1,tg_3fb0e6e6f45d742323a00b0d45fc0a0a524bc0ed0ba11a2c84b6c54c86fb2a0f.png,0
0,19,1,20,tg_41278618713255420e6676088c07312c0d90d6e688f7c1f58d9dfd33ec3c494f.png,19
0,20,0,20,tg_4c9b5b2d2dd30ba5dc20d850646ca3e897d782d8d27634866f85e63cb06b8d98.png,20
0,20,0,20,tg_52f9b9f99f66ff3bc786183803f3a8d68277604471cd411027441989337c9351.png,20
0,20,0,20,tg_5375f62e3ac4d5c44f8f691b94a9cfc52eb3f2e020e9fcc8c2fd2f4475e960b4.png,20
1,20,-2,17,tg_56ad83fce3f67cb04eaa9bf4baaf858d776971e7e52f29e9c97f58a1b964e2f7.png,19
0,20,0,20,tg_596607c93f9aca406d8543ecc792e9a87fad06354303a69663df183d7417a764.png,20
0,20,1,21,tg_59b18840cbf67ac4a14a64f3858e7fcee40dfb483db36ec5b911fc22592dffaa.png,20
0,20,2,22,tg_5ceb13e34965449fa47555c1e2108e196fb1570290539ef580758be01671a614.png,20
0,20,0,20,tg_5e892c3dc2c64f50bfa16bae89ebe44c7e8176e90d70096859d3588c364d4442.png,20
-1,20,0,21,tg_5fbdcee710fe7e18425f4eeefe811890b3c8a03803f78b23685ad11309840679.png,21
0,20,0,20,tg_61a9371a23ddbb958d63bdc98006bcb3eb7780f7468b67a87d8ab40a4db873e2.png,20
0,20,0,20,tg_661b01c39a8d223df51cd0365e79ffe7e3c4f86ac81fa0af114ce95be49cb831.png,20
0,20,2,22,tg_674edd406aaf07fbc4ca5e75563eda331453fdd240176531871d0671c6473113.png,20
0,20,-20,0,tg_684fb4425801aebe8e8c52211921567da1cf4bd04cee430a3b30bed03d3276f5.png,20
-1,20,0,21,tg_6ecc88f6e06f86515044a409421f059b2cf756001b9a6929a0183808a9b2e19e.png,21
0,0,1,1,tg_6ed99b617e093add13e311291c0bf176dceccaf7978a98885476d932ec0c4493.png,0
0,20,0,20,tg_6f70887295eff72d62a86e86c3983e7d960cafd35784e0f5d6a4d790558cf37b.png,20
0,20,0,20,tg_6fa3eaaeb0a2c38a2a6f9a3b9e336ca96c269ec3c01b4a613427da70b4b5e649.png,20
0,20,0,20,tg_7d67f551934f28edeff341b70ccfce5f65234b2e73ec99a1b60bd0dda30606b4.png,20
0,20,0,20,tg_7d6ced255a74d563b6ba9811429970c51f605647aac25819e14104f836d93434.png,20
0,15,2,17,tg_7dbba6c4f8dd7af5635a2716dc751f209b4263f22f809114a0c801553ccdfc40.png,15
0,20,0,20,tg_7fcbc9b9b70b6bf56c1d90c0a6e34ecf0e9e31db416700afc372265999e35370.png,20
0,20,0,20,tg_8032ac6c90f358c9f5146680280edda94a7475b752b3c8e64c1670ba64986822.png,20
0,19,1,20,tg_824439e38ce85afa03c44fdee8ce1845235937862c05610fc5636db8767546af.png,19
0,20,0,20,tg_8312afd41d8a4871f7c62f21e6bab0840e48aef15d48e311fc152cc1e1d03e1d.png,20
0,20,0,20,tg_8801edc3bfe1b10de36f91a999f8228b1f9640ec9fc18bbd0a6244c5bfad3906.png,20
0,20,0,20,tg_8d9fa1bf449aa2112a5e80faa2999485caf0d3d00dc7963cde47ef3387eec003.png,20
0,20,0,20,tg_90af9e1629ef38b0590076820045b36c3540189f849fc38d7cdbbbea4ae2c1b2.png,20
0,20,-20,0,tg_912547decff638d587339e61584c8a4954e955087ca86c4fad6b8977507ed5c7.png,20
0,20,0,20,tg_91fc151a519c51105a185875ff1897d00796c29279de667c0fa047fbdfb8a31f.png,20
0,20,1,21,tg_9fd092ecc3b3693cecc5058d3c41366a83c3bc4459e8efd8762d37b1ad67ce21.png,20
0,1,0,1,tg_a017d22c575c01e7eb9c8287e1b62f85d07c34a1a663d2eac974d995ace7f83c.png,1
0,20,0,20,tg_a19e13783f2b7b47348d1e95ece8445a69b5bb21b8312628c2cea66ccc2563ac.png,20
0,20,0,20,tg_a3f5d7ce4a52a64ac2d6c5fb5a74384a0178f7f9d1f3a8771001fc6d2c2a82cf.png,20
0,20,0,20,tg_a7747428a2af8b1230edcb738ac653564d8542ed06143e14ca7d94f6e429757b.png,20
0,20,0,20,tg_a8afc3ebabfea07d2de701cc086c1119649217548f8e662cb09d062ea0bb5d54.png,20
0,20,0,20,tg_a9426dce186893768be1d61ea3ca82d90d05667d085c5a3d217e3a08059eba5b.png,20
0,20,-20,0,tg_ae1ce8a812279c8dd97b71cfcd5efc578ba06dea161ef2de4a2091205eba279e.png,20
0,20,-19,1,tg_b09c4175a50f081e3807a29428f16f7644ef38c809f7f4ac8b20ea3c72aa3785.png,20
0,20,0,20,tg_bd0a36b2007a17e5bc60d6104427e2b03f138bd0ebf8230f4abb07e6fa3b4ac1.png,20
0,20,0,20,tg_bed480dd508146bdeb65d9d58bfaa03fa35f7814e700a4b3bf6b8b99830822de.png,20
0,20,0,20,tg_bfa95080906d7641a3588674108dc5b8943d24614cb41d2980e5767bc4378662.png,20
0,20,0,20,tg_c0db67b6bec353f4bb347372df011d499bd337d76513f4f5de4a223f3ff99247.png,20
0,20,0,20,tg_c31d50eeb3eb2280d77e236195b7583b155432e548cceed49c7b9f514a8f9b82.png,20
0,20,0,20,tg_c5d53bc0acdfd5d99f34fcaa9963cf742d3f2c67a49fe49259cb3afb17e41956.png,20
-1,0,1,2,tg_cad4d1a64707c8c68990f510f40e739f5e0a1dc444d56de29c80be3379462d9a.png,1
0,20,0,20,tg_cf7a03be1c6e34efbcfec0cc8010544e2deab777a05cb0193d237814244f5c8e.png,20
0,20,1,21,tg_d116b04e74175d66ec440a8cb9c207a3f2d93f5f8cc55115ba00d25fcd3da08f.png,20
0,20,0,20,tg_d17e9db4a42fefe4368a5a1495f01a08c4ddd4c43fda43605a7fdc9467454bfd.png,20
0,20,0,20,tg_d4013aa361485ab2894f71e426c705de78455e93d37fe3f4d2ae27727c70c88c.png,20
0,20,0,20,tg_d771b1b3e3d67068e8b884fbcd2d8bbe4a06da942868023caae49a45957e3d44.png,20
0,20,0,20,tg_dff8aab30bb4fd825ead87707ce7bf811989926bce9afdeab7b1030a29293d09.png,20
0,20,0,20,tg_e0770fc3d6619db33fb692301a29fbf15f0e8e2306bd568064e557a108f69ec3.png,20
0,20,0,20,tg_e259f9a77a234e4d03f415740045fb374b7c68eba06f857d7c79a73500dafe37.png,20
-1,19,0,20,tg_ec8e29756049dec62822ae5f0c6469737edf410e130bab9153ae3e00e6b0b522.png,20
0,20,0,20,tg_ed515fa28c753e1b4650464a11264668a794923c500410c74d6aa85b2f88b417.png,20
0,20,2,22,tg_f132ff5d665aea62ccdcef9f6e14da4da22ecbca330d8dfe3175b93b47c28161.png,20
0,20,0,20,tg_f4323817daee5cef16fa5d83879823f2da5506152fcb7b1b1ce5c777ac036d4d.png,20
0,20,0,20,tg_f7e7033fc25ca1944294573e53a4eccc89a60eccb85bba232ba533b04f433a74.png,20
0,20,0,20,tg_f898abc6e133d50485c751bc2f30ca71ab4c34f3f1000b29c9142a2d518e086d.png,20
0,20,0,20,tg_fb1906b50638e7e795309417cd776e02c2a0e97cf35b9526628fbb19b9429544.png,20
0,20,0,20,tg_fbaf32a54650f629731270135c319348343a6c08189e71f22ccb74b1a1d89521.png,20
